Ball_Count,PKG_Dimension,PKG_Height,RTD_SETUP,tester,equip_id,Due_Date,Suggest_Date,Last_PM,Event_Code,Code,Semi_State_ID,Standard_work_time,Location,Status,PM_duration,Type,Freq,Cur,Due,warning,critical,handler,NOTE
1159B,1159/2021FBGA14.1X13,1.0-1.0,1159/2021FBGA14.1X13_64X_1.0-1.0_1420,SM3316-0097,SM3316-0097,2022-08-06 23:59:00,2022-08-05 23:59:00,2022-07-07 16:58:51.357,CLEAN AND INSPECTION,CLEAN AND INSPECTION,STANDBY,1970-01-01 00:00:00.500,T01-TFC1-P1219,COMING DUE,CONTINUOUS,TIME,DAY,,30,7,1,TW322SM-0408,d
134B,134/170FBGA10X11.5,0.65-1.1,134/170FBGA10X11.5_128X_0.65-1.1_0740,SMG2P-0116,SMG2P-0116,2022-08-17 23:59:00,2022-08-16 23:59:00,2022-07-18 14:23:32.637,CLEAN AND INSPECTION,CLEAN AND INSPECTION,STANDBY,1970-01-01 00:00:00.500,T01-TFC1-P0825,COMING DUE,CONTINUOUS,TIME,DAY,,30,7,1,TW322SM-0428,e
180B,180/252FBGA12X14,1.1-1.2,180/252FBGA12X14_128-256X_1.1-1.2_DISSIPATIVE_1112,SM3016-0255,SM3016-0255,2022-08-09 23:59:00,2022-08-08 23:59:00,2022-07-10 18:04:56.883,CLEAN AND INSPECTION,CLEAN AND INSPECTION,STANDBY,1970-01-01 00:00:00.500,T01-TFC1-P0320,COMING DUE,CONTINUOUS,TIME,DAY,,30,7,1,TW322SM-0322,fdesf
180B,180/252FBGA12X14,1.1-1.2,180/252FBGA12X14_128-256X_1.1-1.2_DISSIPATIVE_1112,SM3016-0105,TW322SM-0175,2022-07-24 23:59:00,2022-07-23 23:59:00,2022-06-24 14:37:28.633,PM 1 MONTH,TW322SM 1 MONTH PM(FOR IONIZER),STANDBY,1970-01-01 00:00:06,T01-TFC1-P0121,WARNING,CONTINUOUS,TIME,DAY,,30,7,1,TW322SM-0175,fdesf
1159B,1159/2021FBGA14.1X13,1.0-1.0,1159/2021FBGA14.1X13_64X_1.0-1.0_1420,SM3316-0097,TW322SM-0408,2022-08-06 23:59:00,2022-08-05 23:59:00,2022-07-07 16:58:21.713,CLEAN AND INSPECTION,CLEAN AND INSPECTION,PRODUCTIVE,1970-01-01 00:00:00.500,T01-TFC1-P1219,COMING DUE,CONTINUOUS,TIME,DAY,,30,7,1,TW322SM-0408,1234
134B,134/170FBGA10X11.5,0.65-1.1T,134/170FBGA10X11.5_128X_0.65-1.1T_ION_0740,SMG2P-0115,SMG2P-0115,2022-07-30 23:59:00,2022-07-29 23:59:00,2022-06-30 03:41:19.733,CLEAN AND INSPECTION,CLEAN AND INSPECTION,PRODUCTIVE,1970-01-01 00:00:00.500,T01-TFC1-P0717,COMING DUE,CONTINUOUS,TIME,DAY,,30,7,1,TW322HM-0060,1234
1159B,1159/2021FBGA14.1X13,1.0-1.0,1159/2021FBGA14.1X13_64X_1.0-1.0_1420,SM3316-0097,SM3316-0097,2022-08-06 23:59:00,2022-08-05 23:59:00,2022-07-07 16:58:51.357,CLEAN AND INSPECTION,CLEAN AND INSPECTION,STANDBY,1970-01-01 00:00:00.500,T01-TFC1-P1219,COMING DUE,CONTINUOUS,TIME,DAY,,30,7,1,TW322SM-0408,1234
